"en","zh","ja"
"Abandoned_alchemy_lab","废弃炼金实验室","化学実験室跡"
"Accelerating_shot","加速魔弹","加速ショット"
"acceleratium","加速基质","アクセラチアム"
"Accelerative_Homing","加速追踪","加速ホーミング"
"acid","酸液","酸"
"Acid_ball","酸液球","酸のボール"
"Acid_cloud","酸云","酸の雲"
"Acid_trail","酸液轨迹","酸の痕跡"
"Add_expiration_trigger","追加失效触发","消滅トリガー追加"
"Add_mana","额外法力","マナを追加する"
"Add_timer","追加计时","タイマー追加"
"Add_trigger","追加触发","トリガー追加"
"Aiming_Arc","瞄准弧度","照準アーク"
"air","空气","空気"
"Äitilimanuljaska","阿提力马努利亚斯卡","アイティリマヌヤスカ"
"Äitinuljaska","埃提奴利亚斯加","アイティヌヤスカ"
"alchemic_precursor","炼金溶液","錬金術の先駆者"
"Alchemist's_Note","炼金术士的笔记","錬金術師のメモ"
"Alchemist's_Notebook","炼金术士的笔记本","錬金術師のノート"
"alcohol_mist","酒雾","アルコールミスト"
"Alcohol_shot","美酒一杯","アルコールショット"
"Alkemisti","阿尔科米斯提","アルケミスティ"
"Alkemistin_Varjo","阿尔科米斯汀瓦吉奥","アルケミスティ・ヴァリヨ"
"All-seeing_eye","全知之眼","お見通し"
"Alpha","初始","アルファ"
"aluminium","铝","アルミニウム"
"Always_Cast","始终施放","常時詠唱"
"Always_Cast_(One-off)","始终施放（一次性）","常時詠唱（1回限り）"
"Ambiguous_meat","暧昧肉块","曖昧な肉"
"ambrosia","灵丹妙药","アンブロシア"
"Amppari","安帕里","アンッパリ"
"Amulet_of_Yendor","雍渡垂饰","イエンドルの魔よけ"
"Ancient_laboratory","古代实验室","古代研究所"
"Angry_ghost","愤怒的幽灵","怒れるゴースト"
"Ankka","安卡","アンッカ"
"Anti-gravity","反重力","反重力"
"Antidote","解毒剂","解毒剤"
"Arpaluu","阿帕鲁","アルパルー"
"Arrow","箭矢","矢"
"Attract_Gold","吸金大法","ゴールド引き寄せ"
"Auringonmuna","奥林贡木纳","アウリンゴンムナ"
"Auringonsiemen","奥林贡西门","アウリンゴンシエメン"
"Aurinkokivi","奥林戈基维","アウリンコキヴィ"
"Auto-Aim","自动瞄准","自動照準"
"Avoiding_arc","规避弧度","回避アーク"
"Ball_Lightning","球状闪电","球電光"
"barren_soil","贫瘠泥土","不毛の土"
"Bee","蜜蜂","ハチ"
"Berserk","狂暴","バーサーク"
"Berserk","狂暴","バーサーク"
"berserkium","狂暴基质","バーサーキアム"
"Better_Vision","更好视野","視力改善"
"Big_magic_guard","大型魔法护卫","大魔法防御"
"Big_Potions","大号魔药","大きなポーション"
"Black_hole","黑洞","ブラックホール"
"Black_Hole_with_Death_Trigger","带有死亡触发的黑洞","デストリガー付きのブラックホール"
"Blindness","目盲","盲目"
"blood","血液","血"
"Blood_cloud","血云","血の雲"
"Blood_magic","血液魔法","血の魔法"
"blood_mist","血雾","血のミスト"
"Blood_Tentacle","血之触手","血の触覚"
"Blood_to_acid","溶血为酸","血から酸へ"
"Blood_to_Power","血液变力量","血からパワーへ"
"Blood_trail","血液轨迹","血の痕跡"
"Bloodlust","嗜血","血の枯渇"
"Bloody_gold_nugget","染血金块","ブラッディー金塊"
"blue_fungus","蓝色真菌","青いキノコ"
"Blue_Glimmer","蓝色闪光","青の光"
"blue_sand","蓝砂","青い砂"
"bomb","炸弹","爆弾"
"Bomb_cart","炸弹矿车","爆弾カート"
"Bombs_Materialized","炸弹物质化","爆弾の具体化"
"bone","骨头","骨"
"bone_dust","骨灰","骨粉"
"bone_wall","骨墙","骨の壁"
"Book_of_Balance","均衡之书","バランスの本"
"Book_of_Celestial_Bodies","天体之书","天体の本"
"Book_of_Guidance","指引之书","導きの書"
"Book_of_the_Jewel","珠宝之书","宝石の本"
"Book_of_the_Key","钥匙之书","鍵の本"
"Boomerang","回旋镖","ブーメラン"
"Boomerang_Spells","回旋的法术","ブーメラン呪文"
"Bounce","弹跳","バウンド"
"Bouncing_burst","弹跳爆发","バウンドバースト"
"Bouncing_Spells","弹跳的法术","バウンド呪文"
"brass","黄铜","真ちゅう"
"Breathless","屏息静气","無呼吸"
"brick_wall","砖墙","レンガの壁"
"brickwork","砖块","レンガ"
"brine","盐水","海水"
"Brittle_brickwork","脆弱砖工","もろいレンガ"
"brittle_glass","易碎玻璃","もろいガラス"
"Brittle_rock","脆弱岩石","もろい岩"
"Broken_spell","损坏的法术","壊れた呪文"
"Broken_wand","坏掉的魔杖","壊れた杖"
"Bubble_spark","泡泡火花","バブルスパーク"
"Bubble_spark_with_trigger","带有触发的泡泡火花","トリガー付きのバブルスパーク"
"Bubbly_bounce","泡泡弹跳","バブルバウンド"
"Burned_meat","烧焦的肉","焦げた肉"
"Burning_Poison","燃烧之毒","燃焼ポイズン"
"burning_powder","燃烧粉末","燃焼粉末"
"Burning_trail","燃烧轨迹","燃焼の痕跡"
"Burst_of_air","强气流","空気破裂"
"Celestial_Ruby","天之红宝石","幽体ルビー"
"Cement","水泥","セメント"
"cement","水泥","セメント"
"Chain_bolt","连环魔弹","チェーンボルト"
"Chain_Spell","连锁法术","連続呪文"
"Chainsaw","链锯","チェーンソー"
"Chaos_die","混沌骰子","カオスのサイコロ"
"Chaos_larpa","混沌拉帕","カオス幼生"
"Chaos_magic","混沌魔法","カオスの魔法"
"Chaotic_path","混乱之路","カオス軌道"
"chaotic_polymorphine","混乱变形魔药","カオスな多形性型"
"Chaotic_transmutation","混乱转化","カオス変異"
"Charm","迷惑","チャーム"
"Charm_on_toxic_sludge","迷惑性毒性淤泥","毒ヘドロ影響下狙い打ちチャーム"
"cheese","奶酪","チーズ"
"Chilly_egg","冰凉的蛋","冷たい卵"
"chilly_water","冰水","冷たい水"
"Chunk_of_soil","一把泥土","土のかたまり"
"Circle_of_acid","酸液之环","酸の輪"
"Circle_of_buoyancy","浮力之环","浮揚性の輪"
"Circle_of_displacement","位移之环","転移の輪"
"Circle_of_fervour","激情之环","熱情の輪"
"Circle_of_fire","烈火之环","火の輪"
"Circle_of_oil","油液之环","オイルの輪"
"Circle_of_persuasion","说服之环","信念の輪"
"Circle_of_seeing","预示之环","視線の輪"
"Circle_of_shielding","遮蔽之环","シールドの輪"
"Circle_of_stillness","静止之环","沈黙の輪"
"Circle_of_thunder","雷霆之环","雷の輪"
"Circle_of_transmogrification","变形之环","奇変形の輪"
"Circle_of_unstable_metamorphosis","不稳变形之环","不安定な変形の輪"
"Circle_of_vigour","活力之环","気力の輪"
"Circle_of_water","清水之环","水の輪"
"Circle_shot","圆环魔弹","サークルショット"
"Close_Call","千钧一发","危機一髪"
"Cloth","布料","布"
"cloud","云","雲"
"Cloudscape","云图","雲景"
"coal","煤","石炭"
"Coal_Pits","煤矿矿坑","炭坑"
"coal_vein","煤矿矿脉","石炭鉱脈"
"Cocktail","鸡尾酒","カクテル"
"cocoon","茧","繭"
"collapsed_concrete","坍塌的混凝土","崩壊したコンクリート"
"collapsed_mines","坍塌矿场","崩壊した鉱山"
"Commander_bolt","指挥魔弹","コマンダーボルト"
"Concentrated_Explosion","聚爆","集中爆破"
"Concentrated_light","汇聚之光","集中ライト"
"Concentrated_light_bounce","汇聚之光弹跳","集中ライトバウンド"
"concentrated_mana","汇聚法力","集中マナ"
"Concentrated_Spells","汇聚的法术","集中呪文"
"concrete","混凝土","コンクリート"
"Contact_Damage","接触伤害","接触ダメージ"
"Controllable_Knockback","可控击退。","操作可能ノックバック"
"Cooked_meat","熟肉","調理された肉"
"copper","铜","銅"
"Copy_field","复制领域","フィールド複製"
"Copy_random_spell","复制随机法术","ランダム呪文複製"
"Copy_random_spell_thrice","三次复制随机法术","ランダム呪文複製三倍"
"Copy_spell","复制法术","呪文複製"
"Copy_three_random_spells","复制三个随机法术","ランダム三呪文複製"
"Copy_trail","复制轨迹","痕跡複製"
"Coral_chest","珊瑚宝箱","サンゴの宝箱"
"Cordyceps","虫草","冬虫夏草"
"corrupted_rock","崩溃的岩石","壊れた岩"
"Create_potion","创造魔药","ポーションを作り出す"
"creepy_liquid","恐怖液体","気味の悪い液体"
"Critical_Hit_+","暴击率_+","クリティカルヒット+"
"Critical_on_bloody_enemies","染血敌人暴击","血まみれの敵へのクリティカル"
"Critical_on_burning","燃烧时暴击","燃焼時のクリティカル"
"Critical_on_oiled_enemies","油污敌人暴击","オイルまみれの敵へのクリティカル"
"Critical_on_wet_(water)_enemies","潮湿（浸水）敌人暴击","濡れている(水の)敵へのクリティカル"
"Critical_Plus","暴击增强","クリティカルプラス"
"Cruel_Orb","残忍魔球","残酷なオーブ"
"crystal","晶体","クリスタル"
"Crystal_Chamber","晶体密室","クリスタルチャンバー"
"Crystal_key","晶体钥匙","クリスタルの鍵"
"Crystal_of_Balance","均衡晶体","バランスのクリスタル"
"Cunning_power","巧妙之力","ずる賢いパワー"
"Curse_of_Greed","贪婪的诅咒","貪欲の呪い"
"Cursed_meat","诅咒肉块","呪われた肉"
"Cursed_Power","诅咒之力","呪われたパワー"
"Cursed_rock","诅咒岩石","呪われた岩"
"Cursed_sphere","诅咒之球","呪われたスフィア"
"Daily_Practice_Run","每日练习游戏","デイリー耐久ラン"
"Daily_Run","每日游戏","デイリーラン"
"Damage_field","伤害领域","ダメージフィールド"
"Damage_Plus","伤害增强","ダメージプラス"
"Damaging_Aura","伤害光环","ダメージオーラ"
"damp_rock","潮湿岩石","湿った岩"
"damp_wood","潮湿木材","湿った木材"
"Dark_chest","黑暗宝箱","黒宝箱"
"Dark_rock","黑暗岩石","闇の岩"
"Dark_wand","黑暗魔杖","闇の杖"
"Deadly_Environment","致命环境","凶悪な環境"
"Death_cross","死亡十字","死の十字架"
"Decelerating_shot","减速魔弹","減速ショット"
"Decoy","诱饵","囮"
"Decoy_with_trigger","带有触发的诱饵","トリガー付きの囮"
"Delayed_spellcast","延迟施法","遅延呪文詠唱"
"Delta","德尔塔","デルタ"
"dense_rock","致密岩石","固い岩"
"dense_rock","致密岩石","固い岩"
"dense_steel","高密度钢","固い鋼"
"Desert","沙漠","砂漠"
"Destruction","破坏","破壊"
"Destruction_Enhancement","破坏增强","増強破壊"
"Destructive_Magic","破坏性魔法","破壊的魔法"
"diamond","钻石","ダイヤモンド"
"Diamond_brickwork","钻石砖块","ダイヤモンドのレンガ"
"Digging_blast","挖掘爆破","発掘ブラスト"
"Digging_bolt","挖掘魔弹","発掘ボルト"
"Dirt","尘土","泥"
"dirt","尘土","泥"
"Disc_projectile","碟状投射物","円盤放射物"
"Dissolve_Powders","粉末消融","粉末溶解"
"Divide_by_10","一分为十","10分割"
"Divide_by_2","一分为二","2分割"
"Divide_by_3","一分为三","3分割"
"Divide_by_4","一分为四","4分割"
"Dormant_crystal","休眠晶体","休眠クリスタル"
"Dormant_crystal_detonation","休眠晶体引爆","休眠クリスタル爆発"
"Dormant_crystal_with_trigger","带有触发的休眠晶体","トリガー付きの休眠クリスタル"
"Double_Cast","二重施放","ダブル詠唱"
"Double_Health,_No_Regeneration","双倍生命值，没有再生","ダブルHP、再生無し"
"Double_scatter_spell","二重散射法术","2倍スキャター呪文"
"Double_spell","二重法术","2倍呪文"
"Downwards_bolt_bundle","下方向集束魔弹","下方ボルトバンドル"
"Downwards_larpa","下方向拉帕","下方幼生"
"Dragoncave","龙窟","ドラゴンの洞窟"
"Drapes","窗帘","カーテン"
"draught_of_midas","点金之水","ミダスの設計図"
"Draw_blood","抽血","流血"
"Drilling_shot","穿凿魔弹","ドリルショット"
"Drone","无人机","ドローン"
"Dropper_bolt","坠落弹","ドロッパーボルト"
"Duck","鸭子","アヒル"
"Duplicate","复制","重複"
"Duplicated_shots","复制魔弹","重複ショット"
"Dynamite","炸药","ダイナマイト"
"Earthquake","地震","地震"
"Earthquake_shot","地震魔弹","地震ショット"
"Eat_Your_Vegetables","素食主义","野菜を食べよう"
"Egg","蛋","卵"
"Eldari","埃尔达利","エルダリ"
"Eldritch_portal","怪异传送门","エルドリッチポータル"
"Electric_Arc","电弧","電撃アーク"
"Electric_charge","电荷放射","電撃チャージ"
"electric_spark","电火花","電撃スパーク"
"Electric_Torch","电子火把","電撃たいまつ"
"Electricity","雷电","電撃"
"Electricity_Immunity","雷电免疫","電撃に対する免疫"
"Elvytyskristalli","艾乐夫提斯克里斯塔利","エルヴィティスクリスターリ"
"Enemies","敌人","敵"
"Enemy_Radar","敌人雷达","敵レーダー"
"Energy_orb","能量球","エネルギーオーブ"
"Energy_orb_with_a_timer","带有定时的能量球","タイマー付きのオーブ"
"Energy_orb_with_a_trigger","带有触发的能量球","トリガー付きのオーブ"
"Energy_shield","能量盾","エネルギーシールド"
"Energy_shield_sector","能量盾部分","エネルギーシールドセクター"
"Energy_sphere","能量球体","エネルギー球体"
"Energy_sphere_with_timer","带有定时的能量球体","タイマー付きのエネルギー球体"
"Enjoy_your_riches!","享用你的财富吧！","財宝を楽しもう！"
"Epäalkemisti","艾帕阿尔科米斯提","エパアルケミスティ"
"eroding_rock","侵蚀岩石","浸食岩"
"Essence_Eater","精髓吞噬者","エッセンスイーター"
"Essence_of_Air","气之精髓","空気のエッセンス"
"Essence_of_Earth","地之精髓","大地のエッセンス"
"Essence_of_Fire","火之精髓","火のエッセンス"
"Essence_of_Spirits","酒之精髓","アルコールのエッセンス"
"Essence_of_Water","水之精髓","水のエッセンス"
"Essence_to_Power","精华变力量","エッセンスからエネルギーへ"
"Eternal_Wealth","永恒财富","永遠の富"
"Ethereal_meat","虚无的肉","幽体肉"
"Eväkäs","伊瓦卡斯","エヴァカス"
"evergreen_seed","常绿种子","常緑樹の種"
"excrement","粪便","排せつ物"
"Expanding_Sphere","扩张之球","拡大球体"
"Experimental_Wand","实验性魔杖","実験用の杖"
"Experimental_Wand","实验性魔杖","実験用の杖"
"Exploding_Corpses","爆尸","爆発死体"
"Exploding_Gold","爆炸的黄金","爆破ゴールド"
"Explosion","爆炸","爆破"
"Explosion_Immunity","爆炸免疫","爆破に対する免疫"
"Explosion_of_brimstone","火焰爆炸","業火爆発"
"Explosion_of_poison","毒素爆炸","毒の爆発"
"Explosion_of_spirits","烈酒爆炸","魂の爆発"
"Explosion_of_thunder","雷霆爆炸","雷爆発"
"Explosion_on_drunk_enemies","醉酒敌人爆炸","泥酔影響下狙い打ち爆破"
"Explosion_on_slimy_enemies","粘液敌人爆炸","スライミー影響下狙い打ち爆破"
"Explosive_bounce","易爆的弹跳","起爆性バウンド"
"Explosive_box","炸药箱","爆発物の箱"
"Explosive_Detonator","炸药引爆器","起爆性雷管"
"Explosive_gunpowder","爆炸性火药","起爆性火薬"
"Explosive_projectile","易爆的投射物","起爆性放射物"
"Extra_Charges","追加充能","追加チャージ"
"Extra_Health","追加生命值","追加HP"
"Extra_Health_(One-off)","额外生命值（一次性）","追加HP（1回限り）"
"Extra_Item_In_Holy_Mountain","额外神圣之山物品","聖なる山の追加アイテム"
"Extra_Item_Storage","额外物品空间","追加のアイテムスロット"
"Extra_Knockback_on_Spells","额外法术击退","呪文へのノックバック追加"
"Extra_Life_(One-off)","额外生命（一次性）","追加ライフ（1回限り）"
"Extra_max_HP","追加生命值上限","追加の最大HP"
"Extra_Perk","额外特性","追加特典"
"Extra_Potion_Capacity","额外魔药容量","ポーションの追加容量"
"Extra_Spell_Storage","额外法术空间","追加の呪文容量"
"Extra_Wand_Capacity_(One-off)","额外魔杖容量（一次性）","杖の追加容量（1回限り）"
"Extra_Wand_Storage","额外魔杖空间","追加の杖スロット"
"extremely_dense_rock","极度致密岩石","非常に固い岩"
"Fanning_Shot","飞散魔弹","ファニングショット"
"Fast_Projectiles","快速投射物","高速放射物"
"Fast_Swimming","快速游泳","高速水泳"
"Faster_Levitation","更快漂浮","素早い空中浮遊"
"Faster_Movement","更快移动","移動速度増加"
"Faster_Projectiles","更快的投射物","より高速な放射物"
"Faster_Swimming","更快游泳","高速水泳"
"Faster_wands","更快速的魔杖","素早い杖"
"Faster_Wands_(One-off)","快速魔杖（一次性）","素早い杖（1回限り）"
"Feared_by_Worms","蠕虫畏惧","蠕虫が恐れるもの"
"Feces","屎","排泄物"
"fire","火焰","炎"
"Fire_Arc","火焰弧","炎のアーク"
"Fire_Immunity","火焰免疫","火に対する免疫"
"Fire_trail","火焰轨迹","炎の痕跡"
"Fire_wand","火焰魔杖","炎の杖"
"Fireball","火球","火の玉"
"Fireball_Orbit","火球环绕","火の玉の軌道"
"Fireball_thrower","火球发射器","火の玉スローワー"
"Firebolt","火焰弹","ファイヤーボルト"
"Firebolt_with_trigger","带有触发的火焰弹","トリガー付きのファイヤーボルト"
"Firebomb","火焰炸弹","ファイヤー爆弾"
"Firecrackers","爆竹","爆竹"
"Fireworks!","烟火！","花火！"
"Fizzle","闪灭","不完全爆発"
"Flamethrower","火焰喷射器","炎スローワー"
"flammable_gas","可燃气体","引火性ガス"
"Floating_arc","悬浮弧度","浮遊アーク"
"Flock_of_Ducks","鸭群","アヒルの群れ"
"Floor_Is_Lava","岩浆地面","溶岩の床"
"flummoxium","除草基质","フルモキシウム"
"Flutist's_wand","吹笛手魔杖","フルート奏者の杖"
"Fly_downwards","向下飞行","下方飛翔"
"Fly_upwards","向上飞行","上方飛翔"
"Follow_Spells","跟随法术","呪文を追跡"
"Food_clock","食物时钟","食料時計"
"Food_Clock","食物时钟","食料時計"
"Fool's_gold","愚人的黄金","愚か者のゴールド"
"Forgotten_cave","遗忘洞穴","忘れられた洞窟"
"Formation_-_above_and_below","阵型_-_上下","編隊_-_上と下"
"Formation_-_behind_your_back","阵型_-_背后","編隊_-_あなたの背後"
"Formation_-_bifurcated","阵型_-_分叉","編隊_-_分岐"
"Formation_-_hexagon","阵型_-_六边形","編隊_-_六角形"
"Formation_-_pentagon","阵型_-_五边形","編隊_-_五角形"
"Formation_-_trifurcated","阵型_-_三叉","編隊_-_三叉"
"Freeze_charge","冰冻放射","凍結チャージ"
"Freeze_Field","冰冻领域","凍結フィールド"
"Freeze_if_wet","化水为冰","湿気は凍結"
"Freezing_gaze","冰冷凝视","凍結凝視"
"Freezing_Immunity","冷冻免疫","氷に対する免疫"
"freezing_liquid","冰冷液体","凍結液体"
"freezing_vapour","冰冷蒸汽","凍結気化ガス"
"frog_blood","青蛙血液","カエルの血"
"frog_meat","蛙肉","カエルの肉"
"frozen_acid","冻结的酸液","凍った酸"
"frozen_blood","冻结的血","凍った血"
"Frozen_poison","冻结的毒液","凍結ポイズン"
"frozen_rock","冻结岩石","凍った岩"
"Frozen_slime","冻结的粘液","凍ったスライム"
"Frozen_steel","冻结的钢","凍結鋼"
"Frozen_vault","冻结避难所","凍った埋葬室"
"Fruit_flesh","果肉","果肉"
"Full_health_regeneration","完全生命值再生","ヘルス満タン再生成"
"Fully-cooked_meat","全熟的肉","完全に調理された肉"
"fungal_blood","真菌血液","真菌の血"
"Fungal_Caverns","真菌洞穴","真菌洞窟"
"Fungal_Colony","真菌种群","真菌コロニー"
"Fungal_Disease","真菌疾病","真菌症"
"fungal_gas","真菌气体","真菌ガス"
"fungal_matter","真菌物质","真菌物質"
"fungal_soil","菌丝土","真菌の土"
"fungal_spore","真菌孢子","真菌芽胞"
"fungus","真菌","キノコ"
"fungus_blood","真菌血液","キノコの血"
"funky_vapour","迷幻蒸汽","ファンキーな気化ガス"
"Gamble_(One-off)","赌博_（一次性）","ギャンブル_（1回限り）"
"Gamma","伽马校正","ガンマ"
"Gas_Blood","瓦斯之血","ガスの血"
"Gas_fire","燃气着火","ガスファイヤー"
"gate-opener","开门魔药","門番"
"gem","宝石","宝石"
"Generate_random_deck_(5)","生成随机卡组_(5)","ランダムな組み合わせを生成する(5)"
"Ghost_of_Greed","贪婪幽灵","貪欲の幽霊"
"Giant_explosion_on_drunk_enemies","醉酒敌人巨型爆炸","泥酔影響下狙い打ち巨大爆破"
"Giant_explosion_on_slimy_enemies","粘液敌人巨型爆炸","スライミー影響下狙い打ち巨大爆破"
"Giant_firebolt","巨型火焰弹","巨大なファイヤーボルト"
"Giant_magic_missile","巨型魔法飞弹","巨大な魔法のミサイル"
"Giant_spitter_bolt","巨型分裂弹","巨大なスピッターボルト"
"Giant_spitter_bolt_with_timer","带有定时的巨型分裂弹","タイマー付きの巨大なスピッターボルト"
"Giga_black_hole","巨大黑洞","ギガブラックホール"
"Giga_death_cross","巨大死亡十字","ギガ死の十字架"
"Giga_disc_projectile","巨型碟状投射物","ギガ円盤放射物"
"Giga_Holy_Bomb","巨型神圣炸弹","ギガ神聖な爆弾"
"Giga_Nuke","巨型核弹","ギガ核爆弾"
"Giga_Worm_Launcher","巨型蠕虫发射器","ギガ蠕虫ランチャー"
"glass","玻璃","ガラス"
"Glass_Cannon","玻璃大炮","ガラスキャノン"
"Glitter_bomb","闪烁炸弹","グリッター爆弾"
"Glittering_field","盛大场面","グリッター散布フィールド"
"glowing_fungal_spore","发光真菌孢子","光る真菌芽胞"
"Glowing_lance","闪耀之枪","光る槍"
"glowing_matter","发光物质","光る物質"
"glowing_stone","发光石","光る石"
"Glowing_wand","闪耀魔杖","光る杖"
"Glue","粘胶","のり"
"Glue_Ball","胶球","のりの玉"
"Gold","金矿","ゴールド"
"gold","黄金","ゴールド"
"Gold_Is_Forever","黄金永恒","ゴールドは永遠の輝き"
"Gold_nugget","金块","金塊"
"Gold_to_Power","黄金变力量","ゴールドからパワーへ"
"gold_vein","金矿矿脉","黄金鉱脈"
"Golden_I","金色的我","黄金I"
"granite_ground","花岗岩地面","花こう岩の地面"
"grass","草","草"
"Gravity","重力","重力"
"Great_treasure_chest","大号宝箱","大いなる宝箱"
"Greed","贪婪","貪欲"
"Greed_Die","贪婪骰子","貪欲な死"
"Greed-cursed_crystal","贪婪诅咒的晶体","貪欲の呪いのクリスタル"
"Greed-cursed_liquid","贪婪诅咒的液体","貪欲の呪いの液体"
"Greed-cursed_rock","贪婪诅咒的岩石","貪欲の呪いの岩"
"Green_Glimmer","绿色闪光","緑の光"
"green_meteorite","绿色陨石","緑の隕石"
"green_slimy_meat","绿涩发黏的肉","緑のベトベトな肉"
"grey_rock","灰色岩石","灰色の岩"
"ground","地面","地面"
"Ground_to_sand","化地为砂","砂への分解"
"Guarding_spellcast","防护施法","防衛呪文詠唱"
"Guiding_powder","导引粉末","誘導粉末"
"gunpowder","火药","火薬"
"Gunpowder_Arc","火药弧","火薬アーク"
"Gunpowder_trail","火药轨迹","火薬の痕跡"
"Haamu","哈阿木","ハーム"
"Haamukivi","哈牡奇维","ハームキヴィ"
"Haavoittajamestari","哈沃以塔雅梅斯塔利","ハーヴォイッタヤメスタリ"
"Hahmonvaihtaja","哈摩尼伐伊塔加","ハフモンヴァイータヤ"
"Häive","海伊维","ハイヴェ"
"Häivehiisi","海伊维希斯","ハイヴェヒーシ"
"Hall_of_Wealth","财富殿堂","永遠の殿堂"
"Hämähäkki","哈玛哈奇","ハマハッキ"
"Hämis","哈米斯","ハミス"
"Happonuljaska","哈波努利亚斯卡","ハポヌルヤスカ"
"hardened_steel","硬化钢","固まった鋼"
"Hardened_steel","硬化钢","固まった鋼"
"hastium","迅速基质","ヘイスチアム"
"Haulikkohiisi","豪利可西系","ハウリッコヒーシ"
"Healing_bolt","治疗魔弹","治癒のボルト"
"Healium","治疗基质","ヒーリアム"
"healthium","生命基质","ヘルシアム"
"Healthy_Exploration","健康探索","健全な探索"
"Hearty_Porridge","满足之粥","栄養たっぷりなポリッジ"
"Heavy_Ammo","强大火力","重厚攻撃"
"Heavy_Shot","沉重一击","ヘビーショット"
"Heavy_spread","沉重散射","重厚拡散"
"Heikko_äitinuljaska","海科·埃提奴利亚斯加","ハイッコ・アイティヌルヤスカ"
"Heikko_happonuljaska","海科·哈波努利亚斯卡","ハイッコ・ハッポヌルヤスカ"
"Heikko_haulikkohiisi","黑伊科沃豪利可西系","ヘイッコ・ハウリッコヒーシ"
"Heikko_limanuljaska","海科·利马努利亚斯卡","ハイッコ・リマヌルヤスカ"
"Heikkohurtta","黑可胡尔塔","ヘイッコフルッタ"
"Heinäsirkka","黑纳希尔卡","ヘイナシルッカ"
"hell_rock","地狱岩","地獄の岩"
"hell_slime","地狱粘液","地獄のスライム"
"Helper_Orb","助手魔球","ヘルパーオーブ"
"Helvetin_sylkijä","黑勒瓦汀苏拉基亚","ヘルヴェティン・シルキヤ"
"Helvetinkatse","黑勒瓦汀卡特瑟","ヘルヴェティンカセ"
"Helvetinmato","黑勒瓦汀玛朵","ヘルヴェティンマト"
"herb","药草","ハーブ"
"Hermes_bird","赫尔墨斯之鸟","エルメスの鳥"
"Hernekeittopurkki","赫鲁内盖托普尔奇","ヘルネッケイットッポルキ"
"High_Gravity","高重力","高重力"
"High_Mana,_Low_Capacity_(One-off)","高法力，低容量（一次性）","マナ_高、容量_低_（1回限り）"
"Hiidenkivi","希登基维","ヒーデンキヴィ"
"Hiisi_Base","席西基地","ヒーシの基地"
"Hohtava_hyypiö","霍塔伐希皮欧","ホフタヴァ・ヒッピオ"
"Hohtonaamio","霍荷德纳米尔","ホートナーミオ"
"Hollow_egg","空的蛋","空の卵"
"Holy_Bomb","神圣炸弹","神聖な爆弾"
"holy_matter","神圣物质","聖なる物質"
"Holy_Mountain","神圣之山","聖なる山"
"Homebringer_Teleport_Bolt","“归家”传送魔弹","ホームブリンガーテレポートボルト"
"Homing","追踪","ホーミング誘導"
"Homing_orb","追踪魔球","ホーミングオーブ"
"Homing_Shots","追踪魔弹","ホーミングショット"
"Homunculus","人造人","ホムンクルス"
"honey","蜂蜜","ハチミツ"
"Horizontal_barrier","水平屏障","水平バリア"
"Horizontal_path","水平路径","水平軌道"
"Houre","霍乌列","ホウレ"
"Huhtasieni","胡塔西也尼","フフタシエニ"
"Huilu",,
"Hunger","饥饿","飢え"
"Hungry_Ghost","饥饿的幽灵","空腹のゴースト"
"Hurtta","胡尔塔","フルッタ"
"Hyypiö","希皮欧","ヒッピオ"
"ice","寒冰","氷"
"Ice_circle","冰环","氷のサークル"
"Iceball","冰球","氷の玉"
"Icethrower","寒冰发射器","氷スローワー"
"Increase_lifetime","延长存在时间","寿命増加"
"Increase_mana","提升法力","マナが増加する"
"Infestation","侵扰","蔓延"
"Infinite_lifetime","无限存在时间","無限寿命"
"Intense_concentrated_light","强烈汇聚之光","極度集中ライト"
"Intense_power","强大之力","強烈なパワー"
"Invisibility","隐身","透明"
"Invisible_Spell","隐形法术","透明の呪文"
"invisiblium","隐形魔药","透明ビリアム"
"Iron_Stomach","铁胃","丈夫な胃"
"Isohiisi","伊索西系","イソヒーシ"
"IT-Tankki","IT-汤齐","IT-タンッキ"
"item","物品","アイテム"
"Item_Radar","物品雷达","アイテムレーダー"
"Itiösieni","伊提欧斯艾尼","イティオシエニ"
"Jäähdytyslaite","亚胡地斯莱特","ヤーディティスライテ"
"Jäätiö","亚蒂约","ヤーティオ"
"Jalkamatkatavara","加尔卡玛特卡特瓦拉","ヤルカマトカタヴァラ"
"Jar","罐子","ジャー"
"Jättikonna","甲提客尔娜","ヤッティコンナ"
"Jättilaser-lennokki","加提拉瑟尔·勒恩诺奇","ヤッティレーザー・レンノッキ"
"Jättimato","亚提玛朵","ヤッティマト"
"Jouluhiisi","朱尔西系","ヨウルヒーシ"
"Juggernaut_Spells","重型法术","圧倒的な呪文"
"Juhannussima","尤汉努西玛","ユハンヌッシマ"
"Kadotettu_alkemisti","卡杜特图·阿尔科米斯提","カドテッツ・アルケミスティ"
"Kakkakikkare","卡卡基卡雷","カッカキッカレ"
"Kaljapullo","卡利亚普罗","カリヤプーロ"
"Kallokärpänen","卡洛卡鲁班嫩","カロカルパネン"
"Kallorotta","卡洛洛塔","カロロッタ"
"Kalmamato","卡尔玛玛朵","カルママト"
"Kammi","卡米","カンミ"
"Kammolukki","卡莫路奇","コームロッキ"
"Kantele",,
"Kärpässieni","卡帕西恩尼","カラパッシエニ"
"Kasvoton_Hämähäkki","卡斯沃顿哈玛哈奇","カスヴォトン・ハマハッキ"
"Kasvoton_Lukki","卡斯沃顿路奇","カスヴォトン・ルッキ"
"Kauhuhirviö","咖乌胡伊维欧","カウフヒルヴィオ"
"Key_shot","Key_shot","キーショット"
"Kiekurakeppi","奇耶库拉克皮","キエクラケッピ"
"Kills_to_mana","化尸为魔","キルからマナへ"
"Kilpihiisi","凯尔皮希斯","キルピヒーシ"
"Kirottu_kristalli","奇洛托克里斯塔利","キロッツ・クリスターリ"
"Kiuaskivi",,
"Kiukkukalma","奇欧库卡尔玛","キウックカルマ"
"Kiukkumöykky","久库墨库","キウックモイッキ"
"KK-Tankki","KK-汤齐","KK-タンッキ"
"Knockback","击退","ノックバック"
"Knockback_Immunity","击退免疫","ノックバックに対する免疫"
"Kohdennusmestari","科登努斯梅斯塔利","コフデンヌスメスタリ"
"Kokkihiisi","科齐席西","コッキヒーシ"
"Kolmisilmä","科尔密斯尔玛","コルミシルマ"
"Kolmisilmän_apuri","三眼阿波里","コルミシルマン・アプリ"
"Kolmisilmän_kätyri","三眼噶杜里","コルミシルマン・カトゥーリ"
"Kolmisilmän_koipi","三眼科伊比","コルミシルマン・コイピ"
"Kolmisilmän_silmä","三眼斯尔玛","コルミシルマン・シルマ"
"Konna","空纳","コンナ"
"Korjauslennokki","科利亚乌斯勒恩诺奇","コルヤウスレンノッキ"
"Kranuhiisi","克兰西系","クラヌヒーシ"
"Kuihduttajamestari","奎胡都塔雅梅斯塔利","クィードゥッタヤメスタリ"
"Kummitus","古迷图斯","クッミタス"
"Kuu",,
"Kuulokivi","库罗基维","クーロキヴィ"
"Kyrmyniska","凯米尼斯卡","クルミニスカ"
"Laahustussieni","拉阿胡斯图斯恩尼","ラーフスツッシエニ"
"Lake","湖泊","湖"
"Lammas","拉马斯","ランマス"
"Large_explosive_box","大号炸药箱","爆発物の箱(大)"
"Large_extra_max_HP","大幅追加生命值上限","大きな追加の最大HP"
"Large_firebolt","大型火焰弹","大きなファイヤーボルト"
"Large_magic_missile","大型魔法飞弹","大きな魔法のミサイル"
"Large_spitter_bolt","大型分裂弹","大きなスピッターボルト"
"Large_spitter_bolt_with_timer","带有定时的大型分裂弹","タイマー付きの大きなスピッターボルト"
"Larpa_Bounce","拉帕弹跳","幼生バウンド"
"Larpa_Explosion","拉帕爆炸","幼生爆発"
"Laser_bounce","激光弹跳","レーザーバウンド"
"Laser-tankki","拉萨尔塔尼基","レーザー・タンッキ"
"Laserkanuuna","拉瑟尔坎乌纳","レーザーカヌーナ"
"lava","岩浆","溶岩"
"Lava_to_blood","熔岩化血","溶岩から血へ"
"Leggy_Mutation","乐奇突变","レギー変異"
"Lennokki","勒诺基","レノッキ"
"Lentolammas","勒恩托勒马斯","レントランマス"
"Lepakko","勒巴可","レパッコ"
"LEVITATION_projectile","漂浮投射物","空中浮遊の放射物"
"Levitation_Trail","漂浮轨迹","空中浮遊痕跡"
"levitatium","漂浮基质","レビテチアム"
"Liekkari","利耶卡里","リエッカリ"
"Liekkiö","利耶奇约","リエッコ"
"Light","光","ライト"
"Light_shot","轻巧魔弹","ライトショット"
"Lightly-cooked_meat","微熟的肉","少し調理された肉"
"Lightning_bolt","闪电弹","稲妻ボルト"
"Lightning_thrower","闪电发射器","稲妻スローワー"
"Liimahiisi","利伊马席西","リーマヒーシ"
"Limanuljaska","利马努利亚斯卡","リマヌルヤスカ"
"Limatoukka","利马托乌卡","リマトウッカ"
"Linear_arc","线性弧","線形アーク"
"Liquid_Detonation","液体引爆","液体爆発"
"liquid_fire","液体燃烧剂","液火"
"Liquid_Movement","液体移动","液体移動"
"Liquid_Vacuum_Field","液体真空场","液体真空フィールド"
"lively_concoction","活泼混合物","活発な調合"
"Lively_powder","活泼粉尘","活発な粉末"
"Living_on_the_Edge","刀尖舔血","ギリギリ人生"
"Lohkare","罗霍卡列","ロウカレ"
"Long-distance_cast","远距离施放","遠距離詠唱"
"Low_Gravity","低重力","低重力"
"Low_Recoil","低后座力","低反動"
"Lukki","路奇","ルッキ"
"Lukki_lair","路奇巢穴","ルッキの隠れ家"
"Lukki_Minion","路奇仆从","ルッキの手下"
"Lukki_Mutation","路奇突变","ルッキ変異"
"Luminous_drill","光明穿凿","光線ドリル"
"Luminous_drill_with_timer","带有定时的光明穿凿","タイマー付きの光線ドリル"
"lush_ground","葱郁地面","豊かな地面"
"Maadoittajamestari","玛多以塔梅斯塔里","マードイッタヤメスタリ"
"Maamiina","马阿米娜","マーミーナ"
"Magic_arrow","魔法箭","魔法の矢"
"Magic_arrow_with_timer","带有定时的魔法箭","タイマー付きの魔法の矢"
"Magic_arrow_with_trigger","带有触发的魔法箭","トリガー付きの魔法の矢"
"Magic_bolt","魔法弹","魔法のボルト"
"Magic_bolt_with_timer","带有定时的魔法弹","タイマー付きの魔法のボルト"
"Magic_bolt_with_trigger","带有触发的魔法弹","トリガー付きの魔法のボルト"
"magic_gate","魔法门","魔法の門"
"Magic_guard","魔法护卫","魔法防御"
"Magic_missile","魔法飞弹","魔法のミサイル"
"magic_wall","魔法墙","魔法の壁"
"Magical_crystal","魔法晶体","魔法のクリスタル"
"Magical_Explosion","魔法爆炸","魔法の爆破"
"magical_liquid","魔法液体","魔法の液体"
"magical_temple","魔法神殿","魔法の神殿"
"Magnesia","苦土","マグネシア"
"Magnum_Opus","巨著","マグヌム・オプス"
"Mämmi","莫米","マンミ"
"Mana","法力","マナ"
"Mana_Discount","法力折扣","マナ割引"
"Mana_To_Damage","法力转伤害","マナからダメージ"
"Märkiäinen","马尔奇艾伊能","マルキエイネン"
"Marraskone","马拉斯孔","マラスコネ"
"Master_Symbol_Crypt","宗师符号地穴","マスターシンボルの穴蔵"
"Mätänevä_kroppa","玛旦涅瓦科罗帕","マタネヴァ・クロッパ"
"Mätänevä_pää","玛旦涅瓦巴阿","マタネヴァ・パー"
"Mätänevä_ruumis","玛旦涅瓦鲁米斯","マタネヴァ・ルーミス"
"Matkija","玛特奇亚","マットキヤ"
"Mato","玛朵","マト"
"Matosade",,
"Matter_eater","物质吞噬者","物質イーター"
"meat","肉","肉"
"Meat_of_an_innocent_creature","无辜生命的肉","無害な生物の肉"
"Meat_to_Power","肉变力量","肉からパワーへ"
"Melee_Immunity","近战免疫","近接攻撃に対する免疫"
"Melting_Corpses","融尸","溶ける死体"
"Mestarien_mestari","梅斯塔里恩梅斯塔利","メスタリエン・メスタリ"
"metal","金属","鉄"
"Metal_dust","金属尘埃","鉄の粉"
"metal_pipe","钢管","鉄パイプ"
"Meteor","陨石","隕石"
"Meteorisade",,
"meteorite","陨石","隕石"
"Miina","米伊纳","ミーナ"
"Miinankylväjä","米兰古尔外亚","ミーナンキラヴァヤ"
"Minä","米纳","ミナ"
"mines","矿场","鉱山"
"Misfire","哑火","不発"
"Misfire_(critical)","哑火（严重）","不発(クリティカル)"
"Missing_Key","丢失的钥匙","行方不明のキー"
"mist_of_spirits","烈酒云雾","魂のミスト"
"Mods","模组","MOD"
"Mokke","莫克","モッケ"
"Molari","莫拉里","モラリ"
"Mold","霉","モールド"
"molten_aluminium","熔化铝液","溶解アルミニウム"
"molten_brass","熔化黄铜水","溶解真ちゅう"
"molten_copper","熔化铜水","溶解銅"
"molten_glass","熔融玻璃","溶解ガラス"
"molten_gold","熔化金液","溶解ゴールド"
"molten_metal","熔化金属","溶解金属"
"molten_plastic","熔融塑料","溶解プラスチック"
"molten_silver","熔化银汁","溶解シルバー"
"molten_steel","熔化钢水","溶解鋼"
"molten_wax","熔化蜡油","溶解ワックス"
"Monstrous_powder","怪异粉尘","怪物粉末"
"Moon_Radar","月之雷达","月のレーダー"
"More_Blood","更多血液","更なる血"
"More_Hatred","更多仇恨","更なる憎しみ"
"More_Love","更多爱","更なる愛"
"More_Worm_Digging","更强蠕虫挖掘力","蠕虫の掘削拡大"
"moss","苔藓","苔"
"mossy_brickwork","苔砖块","苔むしたレンガ"
"mossy_steel","苔钢","苔むした鋼"
"Mournful_Spirit","哀伤灵魂","悲しげなスピリッツ"
"Möykky","墨古","モイッキ"
"Mu","谬","ミュー"
"mud","淤泥","泥"
"Mulkkio","穆尔基奥","ムルッキオ"
"Multiplied_HP,_No_Healing","生命加倍，无法治疗","HP倍増、回復なし"
"Munkki","木恩奇","マンッキ"
"Muodonmuutosmestari","墨东姆托梅斯塔利","ムオドンムートスメスタリ"
"Murkku","默尔库","ムルック"
"Musings_of_an_Adventurer","一名探险者的沉思","冒険の黙想"
"Myriad_Spell","无尽法术","無数の呪文"
"Myrkkyhiisi","木尔克西系","ミルッキヒーシ"
"Myrkkynääpikkä","木科纳皮卡","ムルックナーピッカ"
"Mysterious_Gate","神秘之门","謎の門"
"Mystery_Egg","神秘的蛋","謎の卵"
"Mystery_Eggplant","神秘的茄子","謎のナスビ"
"Mystery_fungus","神秘真菌","謎のキノコ"
"Nahkiainen","纳西奇亚嫩","ナーキアイネン"
"Nauseating_gas","恶心气体","吐き気ガス"
"Necromancy","死灵之术","黒魔術"
"Nelikoipi","内利科伊比","ネリコイピ"
"neon_tube","霓虹灯","ネオンチューブ"
"nest","巢穴","巣"
"Never_Skip_Leg_Day","周一永不略过","下半身トレをさぼるな"
"New_Game","新游戏","新規ゲーム"
"New_Game+_(experimental)","新游戏+（实验性）","新規ゲーム+_(実験的機能)"
"Nightmare","噩梦","ナイトメア"
"No_Damage_Flash","无伤害闪烁","肉破損無し"
"No_More_Knockback","不再击退","ノックバック無し"
"No_More_Shuffle","不再乱序","シャッフル無し"
"No_Wand_Tinkering","魔杖无法修补","杖工作なし"
"Nolla","零时","ノッラ"
"Notes_on_Grand_Alchemy","关于伟大炼金术的笔记","大錬金術についてのメモ"
"Nuijamalikka","努伊亚马利卡","ヌイヤマリッカ"
"Nuke","核弹","核爆弾"
"Nuke_Orbit","核弹环绕","核爆弾の軌道"
"Nullifying_Altar","无效化祭坛","取り消しの祭壇"
"Octagonal_bolt_bundle","八角形集束魔弹","八角ボルトバンドル"
"Octuple_spell","八倍法术","8倍呪文"
"Odd_brickwork","奇特的砖块","不規則なレンガ"
"Odd_Firebolt","怪异火焰弹","奇妙なファイヤーボルト"
"oil","油","オイル"
"Oil_Blood","油脂血液","オイルの血"
"Oil_cloud","油脂之云","オイルの雲"
"Oil_freeze","油污冻结","オイル凍結"
"Oil_trail","油液轨迹","オイルの痕跡"
"Olematon","奥列马吞","オレマトン"
"Omega","终结","オメガ"
"Omega_Black_Hole","终结黑洞","オメガブラックホール"
"Ominous_liquid","不祥液体","不吉な液体"
"Orange_Glimmer","橙色闪光","オレンジの光"
"Orb","魔球","オーブ"
"Orb_room","魔球房间","オーブの部屋"
"Orbit_Larpa","环绕拉帕","幼生の軌道"
"Orbiting_Arc","盘旋魔弹","軌道ショット"
"Our_Blessed_Stone","祝福之石","祝福されし石"
"Our_Matter","吾等之事","我々の課題"
"Overgrown_cavern","繁茂洞穴","生い茂った洞窟"
"Pacifist","和平主义者","平和主義者"
"packed_snow","压实的雪","詰まった雪"
"Paha_Silmä","巴汗斯尔玛","パハ・シルマ"
"Pahan_muisto","巴汗穆伊斯托","パハン・ムイスト"
"Pakkasukko","帕卡苏可","パッカスウッコ"
"Palauttajamestari","帕拉乌塔加梅斯塔利","パラウッタヤメスタリ"
"Parantajahiisi","巴伦它亚西系","パランタヤヒーシ"
"Pata","帕塔","パタ"
"Path_of_dark_flame","黑焰之道","闇の炎の道"
"Patsas","巴特萨斯","パットサス"
"pea_soup","豌豆汤","マメのスープ"
"Pea_soup_concentrate","豌豆汤萃取物","マメのスープの濃縮物"
"Peace_with_Gods","与神同在","神々との平和"
"Peat","泥炭","ピート"
"Peitsivartija","佩伊茨伊哇提加","パイトシヴァルティーヤ"
"Penetrate_walls","穿墙","壁貫通"
"Perk_Lottery","特性博彩","特典くじ"
"Perk_reroll","特性重新生成","特典リロール"
"Perks","特性","特典"
"Permanence_Altar","永久化祭坛","永久の祭壇"
"Permanent_Shield","永久护盾","永久シールド"
"Personal_fireball_thrower","专属火球发射器","パーソナル火の玉スローワー"
"Personal_gravity_field","专属重力领域","パーソナル重力フィールド"
"Personal_lightning_caster","专属闪电投射器","パーソナル稲妻キャスター"
"Personal_Plasma_Beam","专属激光束","パーソナルなレーザービーム"
"Personal_Plasma_Beam","专属电浆束","パーソナルなプラズマビーム"
"Personal_Raincloud","专属雨云","パーソナルな雨雲"
"Personal_tentacler","专属触手怪","パーソナル触覚発生器"
"Persuasion","说服","説得力"
"Petrify","石化","石化"
"Phasing","相位穿越","フェージング"
"Phasing_Arc","相位弧度","フェージングアーク"
"pheromone","费洛蒙","フェロモン"
"Phi","斐","ファイ"
"Philosopher's_Stone","贤者之石","賢者の石"
"Pienkätyri","皮焉噶杜里","ピペンクティリ"
"Piercing_shot","穿刺魔弹","貫通ショット"
"Pikkuhämähäkki","皮库哈玛哈奇","ピックハマハッキ"
"Pikkumato","皮库玛朵","ピｋックマト"
"Pikkutulikärpänen","皮库督利卡勒班嫩","ピックツリカルパネン"
"Pikkuturso","皮库图尔索","ピックツールソ"
"Pimeä_Aurinko","皮梅阿奥林戈","ピメア・アウリンコ"
"Pimeys","皮梅斯","ピムース"
"Ping-pong_path","乒乓回弹","ピンポン軌道"
"Pinpoint_of_light","汇聚之光","ピンポイントライト"
"Pinpointer","汇聚器","ピンポインター"
"Plague_Rats","瘟疫鼠群","疫病ネズミ"
"plant_material","植物材料","植物の素材"
"plant_seed","植物种子","植物の種"
"Plasma_beam","激光束","レーザービーム"
"Plasma_Beam_Bounce","电浆束弹跳","プラズマビームバウンド"
"Plasma_Beam_Cross","电浆束十字","プラズマビームの十字架"
"Plasma_Beam_Enhancer","电浆束增强器","強化プラズマビーム"
"Plasma_Beam_Orbit","电浆束环绕","プラズマビームの軌道"
"Plasma_Beam_Thrower","电浆束发射器","プラズマビームスローワー"
"Plasma_beam_X","激光束_X","レーザービームX"
"Plasma_Cutter","电浆切割器","プラズマカッター"
"Plasma_flare","电浆闪光","プラズマフレア"
"Plasma_show","激光束表演","レーザービームショー"
"Plasmakukka","普拉兹玛库卡","パラスマクッカ"
"plastic","塑料","プラスチック"
"Poison","毒液","毒"
"Poison_Arc","毒液弧","猛毒アーク"
"poison_gas","毒气","有毒ガス"
"Poison_trail","毒素轨迹","毒の痕跡"
"poisonous_rock","有毒岩石","毒の岩"
"Pollen","花粉","花粉"
"Poltergeist","骚灵","ポルターガイスト"
"Polymorph_charge","变形放射","多形体チャージ"
"polymorphine","变形魔药","多形性型"
"Poro","颇罗","ポロ"
"Potion","魔药","ポーション"
"Powder_pouch","粉末口袋","粉末ポーチ"
"Powder_Vacuum_Field","粉末真空场","粉末真空フィールド"
"Power_plant","发电站","発電所"
"Powerful_Minions","强力的仆从","強力な手下"
"pressurized_wood","耐压木材","加圧された木材"
"Prickly_Spore_Pod","多刺孢子荚","トゲトゲ胞子"
"Projectile_Area_Teleport","投射物区域传送","放射物エリアテレポート"
"Projectile_duplication","投射物复制","放射物重複"
"Projectile_Eater","投射物吞噬者","放射物イーター"
"Projectile_energy_shield","投射物能量盾","放射物エネルギーシールド"
"Projectile_Fan","投射物风扇","放射物の扇"
"Projectile_gravity_field","投射物重力领域","放射物重力フィールド"
"Projectile_Repulsion_Field","投射物排斥领域","放射物反発フィールド"
"Projectile_Repulsion_Sector","投射物排斥区域","放射物反発セクター"
"Projectile_Slower","投射物缓速者","放射物減速"
"Projectile_thunder_field","投射物雷电领域","放射物雷フィールド"
"Projectile_transmutation_field","投射物转化领域","放射物変異フィールド"
"Propane_tank","丙烷罐","プロパンタンク"
"Purifying_powder","净化粉末","浄化粉末"
"purple_crystal","紫色晶体","紫のクリスタル"
"Purple_Glimmer","紫色闪光","紫の光"
"Puska","布什卡","プスカ"
"Pyramid","金字塔","ピラミッド"
"Pysäyttäjä","帕萨塔亚","プセウッタヤ"
"Quadruple_scatter_spell","四重散射法术","4倍スキャター呪文"
"Quadruple_spell","四重法术","4倍呪文"
"Quantum_Split","量子分割","量子分裂"
"Rage-fueled_Levitation","愤怒漂浮","怒り任せの空中浮遊"
"Rain_cloud","雨云","雨雲"
"Rainbow","彩虹","虹"
"Rainbow_Glimmer","彩虹闪光","虹色の光"
"Rainbow_trail","彩虹轨迹","虹の痕跡"
"Random_Allies","随机盟友","ランダム仲間"
"Random_damage","随机伤害","ランダムダメージ"
"Random_modifier_spell","随机修正法术","ランダム状態変化呪文"
"Random_projectile_spell","随机投射物法术","ランダム放射物呪文"
"Random_spell","随机法术","ランダム呪文"
"Random_static_projectile_spell","随机静态投射物法术","ランダム静的放射物呪文"
"Randomize_Spells","随机法术","呪文のランダム化"
"Ratty_powder","老鼠粉尘","ネズミ粉末"
"Raukka","拉乌卡","ラウッカ"
"Rautalukki","拉乌塔路奇","ラウタルッキ"
"Recoil","后座力","反動"
"Recoil_Damper","后座阻尼器","反動緩衝器"
"Red_Glimmer","红色闪光","赤い光"
"Red_Lion","赤狮","赤いライオン"
"Reduce_lifetime","缩减存在时间","寿命減少"
"Reduce_recharge_time","缩减充能时间","リチャージ時間減少"
"Reduce_spread","降低散射","拡散減少"
"Refreshing_gourd","刷新胡瓜","清涼瓢箪"
"Refreshing_gourd","刷新胡瓜","清涼瓢箪"
"Remove_Bounce","移除弹跳","バウンド排除"
"Remove_Explosion","移除爆炸","爆破解除"
"Remove_Worm_&_Lukki_Digging","移除蠕虫与路奇挖掘力","蠕虫とルッキの掘削阻止"
"Repelling_Cape","驱散斗篷","反発マント"
"Requirement_-_Endpoint","要求_-_终点","必須_-_エンドポイント"
"Requirement_-_Enemies","要求_-_敌人数量","必須_-_敵"
"Requirement_-_Every_Other","要求_-_每次","必須_-_一回おき"
"Requirement_-_Low_Health","要求_-_生命值低下","必須_-_低いHP"
"Requirement_-_Otherwise","要求_-_否则","必須_-_その他"
"Requirement_-_Projectile_Spells","要求_-_投射物法术数量","必須_-_放射物の呪文"
"Research_Notes","发行说明","研究メモ"
"Return","返回","戻る"
"Reveal_Secrets","揭晓秘密","秘密暴露"
"Revenge_bullets","复仇子弹","復讐弾丸"
"Revenge_Explosion","以爆易暴","復讐爆破"
"Revenge_Rats","复仇鼠群","復讐のネズミ"
"Revenge_Tentacle","复仇触手","復讐触覚"
"Rihmasto","利马斯托","リーマスト"
"Riimusauva","利伊木索瓦","リームサウヴァ"
"Ring_of_Knives","刀之环","ナイフの輪"
"Robottikyttä","洛波提古塔","ロボッティキッタ"
"rock","岩石","岩"
"Roll_Again","再次抽选","もう一回"
"Rotate_towards_foes","转向敌人","敵へ方向転換"
"Rotta","洛塔","ロッタ"
"rotten_meat","腐肉","腐った肉"
"Ruby","红宝石","ルビー"
"Ruined_brick_wall","残破砖墙","レンガの壁跡"
"Runestone_of_edges","刃之符石","切っ先のルーンストーン"
"Runestone_of_emptiness","空之符石","虚無のルーンストーン"
"Runestone_of_fire","火之符石","炎のルーンストーン"
"Runestone_of_light","光之符石","ライトのルーンストーン"
"Runestone_of_magma","岩浆之符石","マグマのルーンストーン"
"Runestone_of_Metal","金属之符石","鉄のルーンストーン"
"Runestone_of_weight","重之符石","重量のルーンストーン"
"rusted_metal","锈蚀金属","錆びた金属"
"rusted_steel","锈蚀的钢","錆びた鋼"
"rusty_ground","锈蚀地面","赤茶けた地面"
"rusty_moss","锈色苔藓","赤茶けた苔"
"Ruttorotta","鲁托罗塔","ルットロッタ"
"Ruusu","鲁苏","ルース"
"Rynkkyhiisi","伦克西系","リンッキヒーシ"
"Sädekivi","萨德祈唯","サデキヴィ"
"Sähikäinen","萨希该能","サヒカイネン"
"Sähikäismenninkäinen","萨伊卡斯门尼凯能","サヒカイスメンニンカイネン"
"Sähkiö","萨贺齐奥","サフキオ"
"Salamurhaajarobotti","萨拉木勒哈雅罗波提","サラムラハーヤロボッティ"
"salt","盐","塩"
"Sampo","桑普","サンポ"
"Sanctuary","庇护所","聖域"
"sand","砂","砂"
"Sandcave","砂之洞穴","砂の洞窟"
"sandstone","砂岩","砂の石"
"Sappitatti","萨皮塔提","サッピタッティ"
"Sätkymestari","口吃大师","セアトキュメスタリ"
"Sauvan_Ydin","索凡伊丁","サウヴァン・ウディン"
"Sauvojen_tuntija",,
"Saving_Grace","死里逃生","救い"
"Sawblade_Orbit","锯刃环绕","鋸刃の軌道"
"Sea_of_acid","酸液之海","酸の海"
"Sea_of_alcohol","酒精之海","アルコールの海"
"Sea_of_flammable_gas","可燃气体之海","引火性ガスの海"
"Sea_of_lava","岩浆之海","溶岩の海"
"Sea_of_oil","油脂之海","オイルの海"
"Sea_of_water","水之海","水の海"
"Secret_Shop","秘密商店","秘密の店"
"Secrets","秘密","秘密"
"seed","种子","種"
"Seula","瑟乌拉","スーラ"
"Sheep","绵羊","ヒツジ"
"Shiny_orb","闪耀魔球","キラキラオーブ"
"shoots_debug_material","shoots_debug_material","デバグ素材を放つ"
"shoots_liquid","shoots_liquid","液体を放つ"
"Short-range_Homing","短距离追踪","近距離ホーミング誘導"
"Shortlived_spell","短暂法术","短命呪文"
"Shuffle_Wands","乱序魔杖","シャッフル杖"
"Sigma","西格玛","シグマ"
"Siirtäjämestari","西尔塔亚梅斯塔利","シータヤメスタリ"
"silver","银","シルバー"
"Sima","硅镁层","シマ"
"Skorpioni","斯柯皮欧尼","スコルピオーニ"
"Skoude","司寇德","スコウド"
"Skull","颅骨","スカル"
"Slicky_Slime","滑溜粘液","滑らかスライム"
"slime","粘液","スライム"
"Slime_arc","粘液弧","スライムのアーク"
"Slime_Blood","粘稠血液","スライムの血"
"slime_mist","粘液雾","スライムミスト"
"Slimeball","粘液球","スライムボール"
"Slimy_cursed_meat","发黏的诅咒肉块","呪われたベトベトな肉"
"Slimy_egg","发黏的蛋","ベトベトな卵"
"slimy_meat","发黏的肉","ベトベトな肉"
"Slithering_path","蛇行","クネクネ軌道"
"Slow_But_Steady","缓慢但坚定","ゆっくりでも安定"
"Slush","烂泥","融雪"
"Small_Teleport_Bolt","小传送魔弹","小型テレポートボルト"
"Smelly_vapour","臭臭的蒸汽","悪臭を放つ気化ガス"
"smoke","烟","煙"
"smoking_steel","冒烟的钢","煙たい鋼"
"Snipuhiisi","斯尼普西系","スニプヒーシ"
"snow","雪","雪"
"Snowy_Chasm","积雪峡谷","雪の裂け目"
"Snowy_Depths","积雪深渊","雪のどん底"
"snowy_wasteland","落雪荒原","雪の荒地"
"sodium","钠","ソディウム"
"soil","泥土","土"
"Sokaisunmestari","索凯伊苏恩梅斯塔利","ソカイスンメスタリ"
"spark","火花","スパーク"
"Spark_bolt","火花弹","スパークボルト"
"Spark_bolt_with_double_trigger","带有双重触发的火花弹","ダブルトリガー付きのスパークボルト"
"Spark_bolt_with_timer","带有定时的火花弹","タイマー付きのスパークボルト"
"Spark_bolt_with_trigger","带有触发的火花弹","トリガー付きのスパークボルト"
"Spatial_Awareness","空间感知","空間認識"
"Speed_Up","加速","スピードアップ"
"Spell_duplication","法术复制","呪文重複"
"Spell_Fan","法术风扇","呪文ファン"
"Spell_Lab","法术实验室","呪文ラボ"
"Spells","法术","呪文"
"Spells_to_acid","酸液置换术","呪文から酸へ"
"Spells_to_black_holes","黑洞置换术","呪文からブラックホールへ"
"Spells_to_death_crosses","死亡十字置换术","呪文から死の十字架へ"
"Spells_to_giga_sawblades","巨型锯刃置换术","呪文からギガ鋸刃へ"
"Spells_to_magic_missiles","魔法飞弹置换术","呪文から魔法のミサイルへ"
"Spells_to_nukes","核弹置换术","呪文から核爆弾へ"
"Spells_to_Power","法术变力量","呪文からエネルギーへ"
"spider_blood","蜘蛛血液","クモの血"
"spider_meat","蜘蛛肉","クモの肉"
"Spiraalikalma","斯皮拉利卡尔玛","スピラーリカルマ"
"Spiral_Arc","螺旋魔弹","スパイラルショット"
"Spiral_shot","螺旋魔弹","スパイラルショット"
"Spiral_shot","螺旋魔弹","スパイラルショット"
"Spitter_bolt","分裂弹","スピッターボルト"
"Spitter_bolt_with_timer","带有定时的分裂弹","タイマー付きのスピッターボルト"
"Spontaneous_Generation","自然再生","天然再生成"
"Square_barrier","方形屏障","立方バリア"
"Stable_portal","稳定传送门","安定したポータル"
"Stainless_Armour","光洁铠甲","シミがない鎧"
"steam","蒸汽","蒸気"
"steel","钢","鋼"
"Stendari","斯吞达利","ステンダリ"
"Stevari","斯特瓦里","ステヴァリ"
"Stinky_meat","发臭的肉","臭い肉"
"Strong_Levitation","强漂浮力","強い空中浮遊"
"Stronger_Hearts","更强大的心","強化心臓"
"Suhiseva_lammas","苏西瑟瓦勒马斯","スヒセヴァ・ランマス"
"sulphur","硫磺","硫黄"
"Summon_A_Dark_Sun","召唤一个黑暗太阳","闇の太陽の召喚"
"Summon_A_Sun","召唤一个太阳","太陽の召喚"
"Summon_deercoy","召唤鹿诱饵","囮のシカを召喚"
"Summon_egg","召唤蛋","卵の召喚"
"Summon_Explosive_Box","召唤炸药箱","爆発物の箱を召喚する"
"Summon_Firebug_swarm","召唤萤火虫群","ホタルの大群召喚"
"Summon_fly_swarm","召唤苍蝇群","ハエの大群召喚"
"Summon_Friendly_fly","召唤友好苍蝇","友好的なハエ召喚"
"Summon_hollow_egg","召唤空的蛋","空の卵の召喚"
"Summon_Large_Explosive_Box","召唤大号炸药箱","爆発物の箱(大)を召喚する"
"Summon_missile","召唤飞弹","ミサイル召喚"
"Summon_Missile","召唤飞弹","ミサイル召喚"
"Summon_Omega_Sawblade","召唤终结锯刃","オメガ鋸刃を召喚する"
"Summon_Platform","召唤平台","台地の召喚"
"Summon_portal","召唤传送门","ポータルの召喚"
"Summon_rock_spirit","召唤岩石精灵","岩の魂召喚"
"Summon_Sädekivi_(One-off)","召唤萨德祈唯_（一次性）","サデキヴィの召喚_（1回限り）"
"Summon_Taikasauva","召唤魔法棒","タイカサウヴァ召喚"
"Summon_Tentacle","召唤触手","触覚を召喚する"
"Summon_Tentacle_with_timer","带有定时的触手","タイマー付きの触覚を召喚する"
"Summon_Tiny_Ghost","召唤迷你幽灵","小型ゴースト召喚"
"Summon_Wall","召唤墙壁","壁の召喚"
"Summon_Wasp_swarm","召唤黄蜂群","スズメバチの大群召喚"
"Summon_Worm","召唤蠕虫","蠕虫の召喚"
"Sundering_power","分离之力","破壊的パワー"
"Sunken_cavern","沉没洞穴","沈んだ洞窟"
"Suomuhauki","苏穆豪奇","スオムハウキ"
"Supernova","超新星","超新星"
"Susi","苏细","スシ"
"Suur-Ukko","苏尔乌可","スウールウッコ"
"Suureväkäs","苏伊瓦卡斯","スーレヴァカス"
"Suurlepakko","苏勒巴可","スーレパッコ"
"Suurstendari","苏斯吞达利","スールステンダリ"
"Suurtulikärpänen","苏督利卡勒班嫩","スーツリカパネン"
"swamp","沼泽","溜池"
"Swapper","交换者","スワッパー"
"Sylkyri","西尔基里","シルキリ"
"Syväolento","塞瓦奥勒恩托","シヴァウレント"
"Tähdenpoikanen","塔登珀伊卡能","ターデンポイカネン"
"Taikasauva","台卡索瓦","タイカサウヴァ"
"Taivaankatse","代万恩卡忒斯","タイヴァーンカトセ"
"Taivaskristalli","塔伊伐克里斯塔利","タイヴァスクリスターリ"
"Tannerkivi","坦纳基维","タンネルキヴィ"
"Tappurahiisi","塔普拉西系","タップラヒーシ"
"Tappurahiisiläinen","塔普拉西系莱嫩","タップラヒーシライネン"
"Tarkkailija","塔卡伊利亚","タルカイリヤ"
"Tau","陶","タウ"
"Telekinetic_Kick","念动力踢击","念動力キック"
"Telepathic_Presence","心灵存在","テレパシーな存在"
"Telepathy","心灵感应","テレパシー"
"Teleport_bolt","传送魔弹","テレポートボルト"
"Teleport_home","回家术","ホームへテレポート"
"Teleportation","传送","テレポーテーション"
"teleportatium","传送基质","テレポータチアム"
"Teleporting_cast","传送施放","テレポート詠唱"
"Teleportitis","快速传送","瞬間移動"
"Teleportitis_Dodge","传送回避","瞬間移動回避"
"Teloittaja","特洛伊塔亚","テロイッタヤ"
"Tempered_glass","钢化玻璃","強化ガラス"
"Temple_door",,
"Temple_of_the_Art","艺之神殿","芸術の神殿"
"Tentacler","触手怪","触覚発生器"
"text","文本","テキスト"
"The_end_of_everything","万物之终结","すべての終わり"
"The_Green_Lion","青狮","緑のライオン"
"The_Laboratory","实验室","研究所"
"The_Salt","盐","ザ・ソルト"
"The_Vault","避难所","金庫室"
"The_Vessel_of_the_Philosophers","哲人容器","賢者の器"
"The_Work","伟大之作","至聖所"
"Throne_room","王座室","王座の部屋"
"Throwing_Knife","飞刀","ナイフ投げ"
"Thunder_charge","雷霆放射","雷チャージ"
"Thunder_Kick","雷霆踢击","雷キック"
"Thunder_wand","雷霆魔杖","雷の杖"
"Thundercloud","雷云","雷の雲"
"Tinker_With_Wands_Everywhere","随时修补魔杖","どこでも杖を改良する"
"TNT","TNT","TNT"
"Toasty_egg","暖和的蛋","灼熱の卵"
"Toimari","多伊马利","トイマリ"
"Tome_of_Essences","精髓书卷","エッセンスの学術書"
"Torch","火把","たいまつ"
"Torjuntalaite","托利雍达莱特","トリュンタライテ"
"Touch_of_Blood","鲜血之触","血の手"
"Touch_of_Gold","黄金之触","ゴールドの手"
"Touch_of_Oil","油脂之触","オイルの手"
"Touch_of_Smoke","烟雾之触","煙の手"
"Touch_of_Spirits","烈酒之触","スピリッツの手"
"Touch_of_Water","清水之触","水の手"
"tough_wood","硬木","丈夫な木材"
"Toukka","托乌卡","トウッカ"
"Toveri","托维利","トヴェリ"
"Toveri_lohkare","托维利罗霍卡列","トヴェリ・ロウカレ"
"Tower","塔","塔"
"toxic_gas","毒液气体","猛毒ガス"
"toxic_gold","淬毒黄金","猛毒ゴールド"
"toxic_ice","毒冰","猛毒の氷"
"Toxic_Immunity","毒素免疫","毒に対する免疫"
"toxic_meat","有毒的肉","猛毒な肉"
"toxic_mist","毒雾","猛毒ミスト"
"Toxic_Power","毒液之力","猛毒パワー"
"toxic_rock","附有毒液的岩石","猛毒の岩"
"toxic_sludge","毒性淤泥","猛毒ヘドロ"
"Toxic_Sludge_Immunity","毒液免疫","猛毒ヘドロに対する免疫"
"Toxic_sludge_to_acid","毒性淤泥酸液化","猛毒ヘドロから酸へ"
"Treasure_chest","宝箱","宝箱"
"Trick_Blood_Money","技巧抚恤金","血の金塊トリック"
"Trick_Greed","技巧贪婪","トリック貪欲"
"Triple_scatter_spell","三重散射法术","3倍スキャター呪文"
"Triple_spell","三重法术","3倍呪文"
"Triplicate_bolt","三联魔弹","トリプリケイトボルト"
"True_Knowledge","真正的知识","真の知識"
"Truest_of_Knowledge","最真切的知识","真・真の知識"
"Tulihiisi","图尔西系","ツリヒーシ"
"Tuonelankone","吐喏内兰孔","トゥアネランコネ"
"Turquoise_gemstone","绿松石宝石","ターコイズの原石"
"Turso","图尔索","ツールソ"
"Turvalennokki","图尔瓦勒诺基","トゥルヴァレンノッキ"
"Turvattomuusmestari","图尔瓦图木斯梅斯塔利","トゥルヴァットムースメスタリ"
"Turvonnu_velho","督勒汶努维乐霍","ツヴォンヌ・ヴェルホ"
"twisty_passages","扭曲通道","曲がりくねった道"
"Two-way_fireball_thrower","双向火球发射器","双方向火の玉スローワー"
"Ukko","乌可","ウッコ"
"Ukkoshyypiö","乌科尔希皮欧","ウッコシーピオ"
"Ukkoskivi",,
"Ukkoskoira","乌可斯柯伊拉","ウッコスコイラ"
"Underground_Jungle","地下丛林","地下ジャングル"
"Unicorn_farts","独角兽屁","ユニコーンのオナラ"
"unknown","未知","不明"
"Unlimited_Spells","无限法术","無限呪文"
"Unlocks","解锁","アンロック"
"Unohdettu","优诺德图","ウノフデット"
"unstable_berserkium","不稳狂暴基质","不安定なバーサーキアム"
"Unstable_crystal","不稳晶体","不安定なクリスタル"
"Unstable_crystal_with_trigger","带有触发的不稳晶体","トリガー付きの不安定なクリスタル"
"unstable_healthium","不稳生命基质","不安定なヘルシアム"
"unstable_invisiblium","不稳隐形魔药","不安定な透明ビリアム"
"Unstable_meat","不稳肉块","不安定な肉"
"unstable_pheromone","不稳费洛蒙","不安定なフェロモン"
"unstable_polymorphine","不稳变形魔药","不安定な多形性型"
"Unstable_portal","不稳传送门","不安定なポータル"
"unstable_teleportatium","不稳传送基质","不安定なテレポータチアム"
"Upwards_larpa","上方向拉帕","上方幼生"
"urine","尿液","尿"
"Uusi_Aurinko","乌西奥林戈","ウーシ・アウリンコ"
"Vacuum_Field","真空场","真空フィールド"
"Vaihdosmestari","伐伊多斯梅斯塔利","ヴァイフドスメスタリ"
"Vakoilija","瓦可伊利亚","ヴォコイリヤ"
"Valaistunut_alkemisti","伐赖斯图努特·阿尔科米斯提","ヴァライスタナット・アルケミスティ"
"Valo","瓦罗","ヴァロ"
"Valtikka","瓦尔提卡","ヴァルティッカ"
"Vampirism","吸血术","吸血鬼"
"Varjokupla","瓦吉奥库普勒","ヴァルヨクプラ"
"Varpuluuta","瓦普鲁塔","ヴァルプルータ"
"Vasta","瓦斯塔","ヴァスタ"
"vault_rock","拱顶石","湾曲岩"
"Venomous_Curse","猛毒诅咒","毒の呪い"
"Verikristalli","维利克里斯塔利","ヴェリクリスターリ"
"Vertical_barrier","垂直屏障","垂直バリア"
"Veska","维斯卡","ヴェスカ"
"vibrant_gold_vein","醒目的金矿矿脉","活力ある黄金鉱脈"
"Vihta","卫胡塔","ヴィータ"
"vine","藤蔓","つる"
"Void_liquid","虚无液体","虚無の液体"
"Volcanic_Cave","火山洞穴","火山性の洞窟"
"Volcanic_Lake","火山湖","火山性の湖"
"volcanic_rock","火山岩","火山岩"
"volcanic_sand","火山砂","火山の砂"
"Vomit","呕吐物","嘔吐"
"Vuoksikivi","Vuoksikivi","ヴゥオクシキビ"
"Wand","魔杖","杖"
"Wand","魔杖","杖"
"Wand_Experimenter","魔杖实验者","杖実験"
"Wand_of_Destruction","破坏魔杖","破壊の杖"
"Wand_of_Multitudes","群体魔杖","多発の杖"
"Wand_of_Swiftness","迅速魔杖","迅速の杖"
"Wand_Radar","魔杖雷达","杖レーダー"
"Wand_Refresh","魔杖刷新","杖のリフレッシュ"
"Warp_cast","传送施放","ワープ詠唱"
"water","水","水"
"Water_to_poison","化水为毒","水から毒へ"
"Water_trail","清水轨迹","水の痕跡"
"wax","蜡","ワックス"
"weak_brickwork","脆弱的砖块","弱いレンガ"
"Weakening_Curse_-_Electricity","虚弱诅咒_-_雷电","弱る呪い_-_電撃"
"Weakening_Curse_-_Explosives","虚弱诅咒_-_爆炸","弱る呪い_-_爆発物"
"Weakening_Curse_-_Melee","虚弱诅咒_-_近战","弱る呪い_-_近接"
"Weakening_Curse_-_Projectiles","虚弱诅咒_-_投射物","弱る呪い_-_放射物"
"weird_fungus","怪异真菌","奇妙なキノコ"
"Weird_meat","怪异的肉","変な肉"
"wet_sodium","湿钠","濡れたソディウム"
"whiskey","威士忌","ウイスキー"
"Whiskey_fumes","威士忌烟雾","ウイスキーの香り"
"White_Eagle","白鹰","白いイーグル"
"who_knows","天知道","不明"
"Wiggling_egg","摆动的蛋","蠢く卵"
"Wizards'_den","巫师巢穴","魔法使いの棲家"
"Wobbly_meat","长毛的肉","不安定な肉"
"wood","木材","木材"
"Worm_Attractor","蠕虫吸引者","蠕虫吸引"
"worm_blood","蠕虫血液","蠕虫の血"
"Worm_crystal","蠕虫晶体","蠕虫クリスタル"
"Worm_Detractor","蠕虫排斥者","蠕虫の嫌われ者"
"Worm_Launcher","蠕虫发射器","蠕虫ランチャー"
"worm_meat","蠕虫的肉","蠕虫の肉"
"worm_pheromone","蠕虫费洛蒙","蠕虫のフェロモン"
"X-ray_modifier","透视修正","レントゲン調整盤"
"Yellow_Glimmer","黄色闪光","黄色の光"
"Ylialkemisti","伊利阿尔科米斯提","イリアケミスティ"
"Zeta","泽塔","ゼータ"
